{"train_loss": 8.618907127380371, "_timestamp": 1700423753.7409108, "valid_loss": NaN, "_runtime": 18.11709976196289, "_step": 1500, "_wandb": {"runtime": 17}}