{"_wandb": {"runtime": 5}, "train_loss": 8.604713096618653, "_timestamp": 1700423538.4686408, "_runtime": 5.1037068367004395, "_step": 0}