{"train_loss": 8.5469704246521, "_timestamp": 1700423625.9416375, "valid_loss": NaN, "_runtime": 63.59462642669678, "_step": 6800, "_wandb": {"runtime": 63}}