{"train_loss": 0.051139884889125825, "_timestamp": 1700427996.2421207, "learning_rate": 2.7847036290083704e-08, "grad_norm": 0.10710101306438446, "valid_loss": 0.03773640841245651, "_runtime": 108.86958885192871, "_step": 9900, "_wandb": {"runtime": 108}}